{"cameraMode":{"drawMode":0,"name":"Shaded","section":"Shading Mode"},"sceneLighting":false,"audioPlay":false,"sceneViewState":{"showFog":true,"showMaterialUpdate":false,"showSkybox":false,"showFlares":true,"showImageEffects":true,"showParticleSystems":true},"in2DMode":false,"pivot":{"x":-36.993064880371097,"y":-58.86158752441406,"z":111.26602172851563},"rotation":{"x":0.18296679854393006,"y":-0.25280866026878359,"z":0.0487530417740345,"w":0.948811411857605},"size":178.58984375,"orthographic":false}