{"cameraMode":{"drawMode":0,"name":"Shaded","section":"Shading Mode"},"sceneLighting":false,"audioPlay":false,"sceneViewState":{"showFog":true,"showMaterialUpdate":false,"showSkybox":false,"showFlares":true,"showImageEffects":true,"showParticleSystems":true},"in2DMode":false,"pivot":{"x":808.5956420898438,"y":40.813720703125,"z":-99.55693054199219},"rotation":{"x":0.03598887473344803,"y":-0.013490920886397362,"z":0.00048603254253976047,"w":0.9992627501487732},"size":816.3050537109375,"orthographic":false}