{"cameraMode":{"drawMode":0,"name":"Shaded","section":"Shading Mode"},"sceneLighting":false,"audioPlay":false,"sceneViewState":{"showFog":true,"showMaterialUpdate":false,"showSkybox":false,"showFlares":true,"showImageEffects":true,"showParticleSystems":true},"in2DMode":false,"pivot":{"x":-25.38200569152832,"y":-147.43948364257813,"z":1289.79541015625},"rotation":{"x":0.056969329714775088,"y":0.0020981135312467815,"z":-0.0001183880158350803,"w":0.9983806610107422},"size":958.4069213867188,"orthographic":false}