{"cameraMode":{"drawMode":0,"name":"Shaded","section":"Shading Mode"},"sceneLighting":false,"audioPlay":false,"sceneViewState":{"showFog":true,"showMaterialUpdate":false,"showSkybox":false,"showFlares":true,"showImageEffects":true,"showParticleSystems":true},"in2DMode":false,"pivot":{"x":151.3722686767578,"y":153.36480712890626,"z":1323.504150390625},"rotation":{"x":0.056969329714775088,"y":0.0020981135312467815,"z":-0.0001183880158350803,"w":0.9983806610107422},"size":1111.5821533203125,"orthographic":false}