{"cameraMode":{"drawMode":0,"name":"Shaded","section":"Shading Mode"},"sceneLighting":false,"audioPlay":false,"sceneViewState":{"showFog":true,"showMaterialUpdate":false,"showSkybox":false,"showFlares":true,"showImageEffects":true,"showParticleSystems":true},"in2DMode":false,"pivot":{"x":508.38665771484377,"y":369.96142578125,"z":47.1278076171875},"rotation":{"x":0.025494206696748735,"y":0.01559612900018692,"z":-0.0003974202845711261,"w":0.9995574951171875},"size":304.0162353515625,"orthographic":false}