{"cameraMode":{"drawMode":0,"name":"Shaded","section":"Shading Mode"},"sceneLighting":false,"audioPlay":false,"sceneViewState":{"showFog":true,"showMaterialUpdate":false,"showSkybox":false,"showFlares":true,"showImageEffects":true,"showParticleSystems":true},"in2DMode":false,"pivot":{"x":-0.33990001678466799,"y":6.222297668457031,"z":3.194042444229126},"rotation":{"x":0.15493744611740113,"y":-0.32746803760528567,"z":0.054528217762708667,"w":0.9304777383804321},"size":5.51275634765625,"orthographic":false}