{"cameraMode":{"drawMode":0,"name":"Shaded","section":"Shading Mode"},"sceneLighting":false,"audioPlay":false,"sceneViewState":{"showFog":true,"showMaterialUpdate":false,"showSkybox":false,"showFlares":true,"showImageEffects":true,"showParticleSystems":true},"in2DMode":false,"pivot":{"x":-89.17327117919922,"y":-73.00275421142578,"z":74.80526733398438},"rotation":{"x":0.18296679854393006,"y":-0.25280866026878359,"z":0.0487530417740345,"w":0.948811411857605},"size":176.78892517089845,"orthographic":false}