{"cameraMode":{"drawMode":0,"name":"Shaded","section":"Shading Mode"},"sceneLighting":false,"audioPlay":false,"sceneViewState":{"showFog":true,"showMaterialUpdate":false,"showSkybox":false,"showFlares":true,"showImageEffects":true,"showParticleSystems":true},"in2DMode":false,"pivot":{"x":-0.9674302339553833,"y":3.2369112968444826,"z":1.8555893898010255},"rotation":{"x":-0.17141030728816987,"y":0.28396761417388918,"z":-0.05167340114712715,"w":-0.9419728517532349},"size":4.654746055603027,"orthographic":false}