{"cameraMode":{"drawMode":0,"name":"Shaded","section":"Shading Mode"},"sceneLighting":false,"audioPlay":false,"sceneViewState":{"showFog":true,"showMaterialUpdate":false,"showSkybox":false,"showFlares":true,"showImageEffects":true,"showParticleSystems":true},"in2DMode":false,"pivot":{"x":235.4605255126953,"y":-185.3498077392578,"z":-294.950439453125},"rotation":{"x":0.03598887473344803,"y":-0.013490920886397362,"z":0.00048603254253976047,"w":0.9992627501487732},"size":421.31756591796877,"orthographic":false}