{"cameraMode":{"drawMode":0,"name":"Shaded","section":"Shading Mode"},"sceneLighting":true,"audioPlay":false,"sceneViewState":{"showFog":true,"showMaterialUpdate":false,"showSkybox":true,"showFlares":true,"showImageEffects":true,"showParticleSystems":true},"in2DMode":false,"pivot":{"x":255.48594665527345,"y":505.8721618652344,"z":-84.3724365234375},"rotation":{"x":-0.002101658610627055,"y":0.002999946940690279,"z":0.0000059318626881577078,"w":0.999995768070221},"size":638.8352661132813,"orthographic":false}