{"cameraMode":{"drawMode":0,"name":"Shaded","section":"Shading Mode"},"sceneLighting":true,"audioPlay":false,"sceneViewState":{"showFog":true,"showMaterialUpdate":false,"showSkybox":true,"showFlares":true,"showImageEffects":true,"showParticleSystems":true},"in2DMode":false,"pivot":{"x":471.16766357421877,"y":2936.12744140625,"z":-17.149826049804689},"rotation":{"x":0.14579537510871888,"y":-0.6014454960823059,"z":0.11280220001935959,"w":0.7773584127426148},"size":108.08114624023438,"orthographic":false}