{"cameraMode":{"drawMode":0,"name":"Shaded","section":"Shading Mode"},"sceneLighting":true,"audioPlay":false,"sceneViewState":{"showFog":true,"showMaterialUpdate":false,"showSkybox":true,"showFlares":true,"showImageEffects":true,"showParticleSystems":true},"in2DMode":false,"pivot":{"x":-8.99162483215332,"y":21.110095977783204,"z":-11.358097076416016},"rotation":{"x":-0.03537134453654289,"y":0.9364671111106873,"z":-0.09898527711629868,"w":-0.3346374034881592},"size":18.94731903076172,"orthographic":false}